Experiment 1_26 By Biosemi,,,,Experiment 2_29 By ANT,,,,Experiment 3_39 By BP,,,,Experiment 4_30 By ANT,,,,Experiment 5_65 By Ant,,,,Experiment 6_95 By BP,,,,Experiment 7_142 By Biosemi,,,,Experiment 8_223 By BP(Fp1 and Fp2 are damaged),,,,Experiment 9_29 By BP,,,
sub_id,bad epoch,bad electrode,bad ica,sub_id,bad epoch,bad electrode,bad ica,sub_id,bad epoch,bad electrode,bad ica,sub_id,bad epoch,bad electrode,bad ica,sub_id,bad epoch,bad electrode,bad ica,sub_id,bad epoch,bad electrode,bad ica,sub_id,bad epoch,bad electrode,bad ica,sub_id,bad electrode,bad epoch,bad ica,sub_id,bad epoch,bad electrode,bad ica
1,5 11 15,\,1 2 3 4 5 6 7 8 9 11 12 13 14 15 16 18 20,1,\,T7 T8 CP6 O2,1   2   3   4   6   7   8   9  10  12  13  14  15  16  17  18  20  21  22  25  31  32,1,\,\,1 4 5 6 7 8 9 12 13 15 16 20 21,1,\,\,1 2 4 6 7 9 12,1,\,T8,1 2 14 17 21 23,1,\,\,2 10 12 14 15 21 22 28 30 31 33 34 35,1,\,\,1   2   3   4   5   6   7   8   9  10  11  12  16  21  24,1, T8,2 5,1 3 4 5 9 10 13 16 18 19 20 ,1,63 79 94 ,T7 Fp1,1 6 9 13 14 15 17 22 23 25 30
2,\,\,1 2 7 8 9 30,2,112,O1,1   2   3   4   5   6   7   8  10  11  12  13  14  15  18  20  21  22  23  24  25  27  28  29  30  32,2,\,T8,1 2 4 8 9 10 13 21 25 27,2,20,T7 T8 CP5,1 2 3 4 5 10 14,2,20,T7 T8,1 2 3 4 5 7 8 12 14,2,25 28 49 58 61 62 66 70 72 76 79,Fpz Fp2,1 8 9 10 11 12 15 16 17 18 21 22 23 24 26 29 33,2,29,\,1   4   6  11  22  28,2, T7,1 3 7 20 30,1 13 15 16 17 18,2,57 59 ,T7,1 2 3 4 5 6 7 8 9 10 11 12 16 17 18
3,\,\,9 12 14 15 16 21 26,3,\,\,1   2   3   4   5   6   7   8   9  10  11  12  13  14  15  16  17  18  21  22  23  27  28  30,3,\,\,1 2 4 7 10 16 18 19,3,\,M1 M2 T7 T8,1 2 3 4 8 10 11 12 13 15 16 17 18,3,17,T7 M2,1 2 3 4 9 12 14 15 17 18,3,79 80,Fpz Fp2 AF4,2 3 5 7 10 16 18 25 26 33 34,3,\,\,1  2  4  5  7  8  9,3, TP9,1 2 3 12 28,1 5 8 14 15 16,3,\,\,1 4 5 7 8 12 23 24 30
4,11 12 14 13,\,1 2 3 4 5 10 13 16 19 33,4,\,\,1   2   3   4   6   7   8   9  10  11  12  15  16  18  19  21  23  26  27  28  31  32,4,\,O1 O2,1 2 4 6 8 10 22 29,4,14 21 24 27,M1 T7 T8 M2,1 2 3 4 5 6 8 9 12 19 20,4,\,T7 T8,1 2 3 4 7 22,4,18 22 28 40 50 62,Fpz T7 Tp7,3 4 5 12 19 20 21 23 24 28 33 34,4,\,P7,1   2   3   4  10  13  14  15,4, TP10 T8 FT8,1 17 23,2 3 4 9 12 17 18,4,31,\,1 2 3 6 7 9 10 12
5,\,Fpz,1 2 3 4 5 6 8 9 14 15 16 17 23 29 30 32 33,5,55 77 130 131 132,\,1   2   3   4   5   6   7   8   9  12  15  16  17  18  19  20  21  22  25  26  27  28  30  31,5,\,\,1 3 5 6 7 8 12,5,13,T7 T8 ,1 2 4 6 7 10 14,5,\,M1 T7 T8 M2,1 2 3 5 7 8,5,60 73 74,Fpz Fp2,1 2 36 8 12 14 15 22 23 27,5,1 2,F7 TP7 T8,2   4   5   7   9  11  12  13  14  17  21  22  23  26  29,5, T7 T8 FT7,1 2 3,1 2 3 5 8 9 10 12 13 17 18 20,5,13 14 15 73 117 140,T7,1 4 6 7 8 13 21 23 24 28 29
6,2 3 4 5 6 7 8 9 11 12 13 14,\,1 2 3 4 5 7 9 13 14 15 16 17 18 19 20 21 22 23 28 33,6,\,\,1   2   3   4   7   8  12  13  14  16  18  20  21  23  31,6,\,TP9,1 2 3 4 5 8 9 16 22 27 28 29 30 33 35,6,\,M1 T7 T8,1 2 3 5 11 21,6,6,M1 T7 T8 M2,1 2 7 11 19 24 25,6,10 18 49 53 54 58 61 62 71 75 79,Fpz Fp2 T8,1 2 5 6 15 16 17 23 25 26 28 29 31,6,\,FC6 C6,1   2   3  24,6, Oz T7 AF3 O1 O2 FC3,\,2 3 4 5 6 7 8 10 12 14 15 16 17 19 20,6,\, T7 T8 O2 ,1 8 11 14 15 17 18 21 22 23 26 27 30
7,3 4 5 7 8,TP7 Fpz,1 2 3 4 5 6 7 8 11 12 14 15 30,7,\,O1 Oz,1   2   3   4   5   6   7   8  11  14  15  16  17  18  23  24  25  26  27  31  32,7,1 2,FC5,1 2 4 5 6 8 9 10 11 13 14 17 19 20 25 34,7,\,M1 M2 O2 Oz,1 2 3 4 5 6 7,7,\,Fp1 Fp2 Pz T8 M2,1 3 6 7 18 19,7,58,Fpz Fp2 Fp1,1 2 3 4 7 8 10 16 17 19 21 24 25 28 31 34,7,\,\,1   2   3   4   5   8  11  14  15,7, T8 IO AF3 Fpz C1,2 3,1 2 3 4 5 7 8 9 10 13 14 15 16 17 18 20,7,1 92 103 109 ,C5 T7 P7 FT8 T8,1 2 4 5 12
8,4 5 6 7 8 9 11,T7 T8,1 2 3 4 5 6 7 8 9 10 11 12 13 16 18,8,\,\,1   2   4   5   6   8  11  12  16  18  19  20  22  23  25  26  28,8,\,\,1 2 3 4 5 12 15 25 30 35,8,5 13 25, Fp1 Fp2 T8 M2,1 2 3 4 5 12 17 19,8,14,Fp1 Fp2 Fpz T7 T8 M1 M2,2 3 4 5 8,8,41 76,Fpz Fp2 T7 T8,2 3 9 31 ,8,4,\,1   2   3   4   7  12  18  19  27  28,8,,\,1 4 6 8 15 16 19 20,8,\,\,1 4 5 7 9 10 12 17 21 22
9,1 2 16,T7,1 2 3 4 5 6 7 17 20,9,\,\,1   2   3   4   5   6   7   8   9  10  12  13  16  17  19  20  22  23  24  25  27  29  30  31  32,9,1 5,\,1 2 3 5 6 9 12 13 14 15 21 24 28 31,9,\,\,1 2 6 8 12 13 14,9,14 15 20,M2 CP5 ,1 2 3 4 5 6 8,9,\,Fpz Fp2 T8,12 8 13 14 15 20 22 23 24 25,9,23,Oz,1   2   3   5   6   8  10  15,9, TP9 TP10 C5 Fpz,1 12 20,1 2 3 4 7 12 13 15 17 20,9,7,T7 TP7,2 3 5 6 9 10 14 19 22
10,4 5 6 7 8 10 11 13 14,AF7 T8 T7,1 2 3 4 5 6 7 8 9 10 11 12 13 14 16 17 18 19 20 21 22 23 30,10,41 42 44 ,\,1   2   3   4   5   6   7   8   9  10  11  12  13  14  15  16  17  18  20  21  22  23  24  25  26  27  28  29  30  31  32,10,\,\,1 3 4 8 24,10,17,T7 ,1 2 4 16 17 19 20,10,\,M1 M2,1 2 4 5 8 10 13 17 18 19 21 23 25,10,33 70 72 73 76 78 80,Fpz Fp2 T7 T8 TP7 TP8,1 2 6 7 8 9 11 12 16 17 18 19 20 21 22 23 24 25 26,10,19,T7 T8,1   2   3   4   6   8   9  11  13  14  19  20  21  31,10, T7 T8 TP7 TP8,2 4 20 29,1 9 10 16 20,10,3,\,4 5 6 8 11 14 16 17 21 27 28
11,5 7,\, 1 2 3 4 6 11 12 13 20 21 23 25 27 28 29 30 31 32,11,\,\,1   3   4   6   7   8   9  10  11  12  13  16  17  18  21  24  25  26  29  30  31,11,\,\,1 2 3 4 5 9 10 14 15 19,11,\,T7 T8,1 2 3 4 6 14 19 21 24,11,\,T7 O1,1 4 5 6 7 8 9 10 18 19 20 25,11,\,Fpz Fp2 T8,2 3 4 6 7 8 9 11 18 19 21 22 33,11,\,Pz F8,1   2   3   4   5   6   7   8  10,11, T7,\,1 2 3 4 12 14 15,11,\,\,3 4 5 6 7 8 9 13 15 16 19
12,\,AF7 Fp2 AF8 F8 C6,1 2 3 4 5 6 7 8 9 10 11 12 14 15 17 18 19 21 22 23 24 25 26 27 28 29 30 31 32 33 35,12,113,T7 T8,1   2   3   4   5   6   7   8  10  11  12  14  15  16  17  18  19  20  22  23  24  25  27  28  29  30  31  32,12,\,\,1 7 8 26,12,\,T8 O1,1 2 3 4 5 9 10 11 12 22,12,\,M1 M2,1 2 3 4 5 10 16 21 25,12,66,Fpz Fp2,2 6 9 10 12 13 16 28 30 34 35,12,\,T8,1   2   3   4   5   6   7   9  10  11  12  15  17,12,,\,1 2 3 8 20,12,\,\,10 11 18 21
13,3 14,PO7 CP6 Cp2,1 2 3 5 6 7 9 12 13 21 22 23 24 25 28 29 31 32 34,13,\,Fp1 Fpz Fp2,1   2   3   4   6   9  10  11  12  16  17  18  19  20  21  23  24  26  27  30  31  32,13,8,\,1 2 6 7 9 10 13 14 15 17 18 19 31,13,\,T7 T8,1 2 3 4 5 7 8,13,\,M1 M2 T7 T8,1 3 4 5 6 7 8 9 10 11 14 17 20 21 24 25,13,2 36 41 42 43 46 78,Fpz Fp2,3 5 6 7 8 10 11 13 16 27 28 29 30 31,13,18,P1 P7 F8 PO4,1   2   3   4   5   6   7   8   9  10  11  13  15  24,13, T8 T7,\,1 3 4 5 6 7 11 16,13,63 96 ,\,1 5 6 7 8 9 10 11 14 16 18 24
14,\,T7 CP3 P7 P1 PO7,1 2 3 4 5 6 7 9 11 12 13 14 16 17 19 20 21 24 25 26 27 28 31 32 34,14,\,T7,1   2   3   4   5   6   7   8   9  10  11  12  13  14  15  16  17  18  19  20  21  22  23  25  26  29  30  31  32,14,\,\,1 9 10 13 16 17 20 29,14,\,T7 M2 O1,1 2 3 4 5 6 7 8 9 12 21,14,\,T7 T8 M2,2 3 6 7 9 12 13 19 22 24 27 28 30 31 32,14,\,Fpz Fp2,4 7 8 10 13 14 15 18 19 20 22 25 29 30,14,\,\,1   2   4  20,14, T8 TP10 TP8,9 20,1 2 3 4 5 6 13 18 19,14,\,F4 F6 ,3 4 9 12 13 14 18 19 24
15,\,PO7,1 2 3 4 14 22 24 25 27 29 30 32 35,15,64,\,1   2   3   4   6   7   8  10  13  14  15  16  17  18  19  20  21  24  30  31,15,\,\,2 3 4 5 6 7 8 15 33,15,\,\,1 3 5 6 8 10,15,\,Fz M2,1 2 3 4 5 6 8 16 17 18 20 21 24,15,\,Fpz Fp2,3 4 7 10 12 14 23 27 29 31,15,\,\,1   2   4   5   6   8  17,15, T7 TP9 POz,\,1 2 9 14 17 19 20,15,\,\,1 5 6 7 8 10 13 17 18 23
16,2 5,FC1 FC6 ,1 2 3 4 5 8 10 15 19 20 21 22 23 24 25 26 27 29 32 33 35,16,\,FC5 T7,1   2   3   4   5   6   7   8   9  10  11  12  13  14  15  16  17  18  22  24  25  26  30  31  32,16,8,\,1 3 4 5 8 12 13 16 17 28 29,16,11 14,Fp1 Fp2,1 2 3 4 10 14 17 18 19 20 24 25,16,\,T7 T8 M2,1 2 3 4 6 10 14,16,\,Fpz Fp2,1 5 19 23 25 26 32 33 34,16,\,P1 P7 PO7,1   2   3   5   6   8   9  11  12  13  14  15  16  18  19,16, T7 T8 TP7,1 3 4 20,1 4 6,16,113,\,1 6 8 10 14 18 19 20 24 25
17,6,Fpz Fp2,1 2 3 5 6 8 9 10 12 13 14 15 16 19 20 24 25 26 28 29 31 34,17,101,\,1   2   3   4   5   6   7   8   9  10  11  12  13  15  16  17  18  19  21  22  24  26  30  31  32,17,\,FT10,1 2 3 11 13 15 24 25 28,17,\,T7 M2,1 2 3 4 14 17 22 23 25,17,12 19 26,T7 M1 T8 M2,1 2 3 4 5 6 10,17,20 38 39 80,Fpz Fp2,1 3 4 9 10 11 13 15 18 19 20 21 25 26 27 28 33,17,\,Fp2 AF8,1   5   7   9  30,17, T7 TP10,12 14,1 2 3 5 6 9 10 12 14,17,1 3 13 20 35 42 55 68 74 78  96 100 120 125 ,\,1 3 4 6 18
18,5 9 14,T8,1 2 3 4 5 6 7 8 9 10 12 13 14 15 16 17 18 19 20 21 22 23 25 26 27 28 229 32 33 34,18,\,M1 M2,1   2   3   4   5   6   7   8  10  11  18  25  27  28  29  30,18,\,\,1 2 3 4 5 9 15 17 22 28 31 32,18,7 13,T7 T8 M2 ,1 2 3 4 5 14,18,\,T7 T8 ,1 2 3 4 5 6 7 8 10 13,18,\,Fpz Fp2 T7 T8,2 12 22 29 30 32 34,18,\,\,1   2   4   7   8   9  10  14,18, F3 T7,\,4 6 8 12 14 15 19 20,18,14 25 100 ,\,2 8 10 18
19,9 11 12 13,T7 T8,1 2 3 4 5 6 7 8 9 10 11 13 16 17 18 19 21 24 25 26 27 29 31 33 35,19,24 25 26 82 83,T8 M1,1   2   3   4   5   6   7   8   9  10  12  15  20  21  22  23  24  25  26  30,19,\,T7,1 2 4 8 19 22,19,12 29 ,M1 T8,1 2 3 4 5 7 10 13 14 18,19,\,Fp2 T8,1 2 4 6 7 8 10 11 16 22 24,19,3 25 30 ,Fpz Fp2,2 6 9 11 13 14 17 21 24 27 28 29 31 35,19,19,T8,2   3   4   5   6   7  21,19, TP10 T8 Fpz,1 27 28 30,1 2 3 4 5 7 9 10 13 17 18,19,12 34 ,Tp9,1 2 3 6 7 13 14 16 18 19 20 22 24
20,11 12,F1 F3 F7 FC3 FC1 PO7 PO3 POz CPz C4 PO8 PO4 C1 C3 Oz CZ,1 2 3 4 5 6 7 8 10 11 13 14 15 17 18 19 20 23 24 26 29 30 31 34 35,20,\,T7 Fp1 Fpz Fp2,1   2   3   5   6   7   8   9  11  12  13  15  16  17  18  19  20  23  25  27  28  30  31  32,20,\,\,1 2 9 15,20,\,T7 T8,1 2 4 5 6 10 18 23 25,20,16,M1 T7 T8 M2,1 2 7 8 13 14 22 23,20,33,Fpz Fp2,1 4 6 10 14 32,20,\,P1 P7 PO7 O1,1   2   3   4   5   7  18,20, AF3 Fpz IO,21 30,1 2 3 4 13 20,20,65 117 ,\,1 4 6 10 11 13 21 22 23 25
21,10 15 16,T7,1 2 3 4 6 7 8 9 11 12 13 14 15 17 19 20 22 23 24 25 28 30 33 34 35,21,\,\,1   2   4   5   6   7  11  12  14  17  19  21  23  25  26  27,21,\,\,2 3 6 7 17 20,21,26,M1 M2 O1,1 2 3 4 5 6 7 9 11 13 14 17 21,21,\,T7,1 2 3 4 11,21,\,Fpz Fp2 Tp7 T8,5 9 22 26 30,21,\,\,2   3   5  10  15  22,21, Fpz T8 TP10 AF3,\,2 5 7 9 11 17 19,21,12 26 27 45 50 77 90 93 100 109 120 ,,2 3 12 14 17 18 22
22,\,\,1 2 3 8 11 12 17 18 19 23 24 28 29 32,22,\,\,1   3   8  10  11  12  13  15  18  23  24  29  30  31  32,22,\,Fp1,1 2 5 7 8 11 13 18 20 25,22,\,\,1 2 3 4 20 23,22,\,M1 M2,1 2 3 4 5 7 9 10 11 13,22,78,Fpz Fp2,1 2 3 4 5 8 11 12 17 22 23 25 30 33 34,22,\,T7 P1 P7 PO7 O1,1   2   3   4   5   6   7   8   9  10  12  17  21  23  27,22, T7 T8,30,1 6 7 8 10 11 14 16 18 20,22,66 85 ,\,1 4 6 13 15 18 20
23,\,\,1 2 3 7 10 12 14 20 22 25 28 31 33,23,\,T7 T8,1   2   4   5   6   7   8   9  10  12  13  14  15  16  18  20  27  30  31  32,23,\,\,1 2 6 7 24 30 31,23,\,M1 O1,1 2 3 5 9 10 11 15 18 22 24 25,23,\,M1 M2,1 2 3 4 5 7 8 10 16 17 18,23,6 17 18 20 30 31 38 39 58 79,Fpz Fp2 T7 T8,1 2 3 6 8 11 18 28,23,\,P1 P7 PO7 O1,2   3   4   5   6   7  13  17  18,23, O1 T7 T8 TP10 TP8,1 12,1 2 3 4 7 11 13 17 18 19,23,\,\,1 6 13 16 17 19 20 23
24,\,Fp1 Fp2 AF8,1 2 3 4 5 15 16 17 18 20 21 23 25 26 30 34 35,24,70 81 82 95 112,T7 T8 M2,1   2   3   4   5   6   8  10  11  13  14  15  16  17  18  19  21  22  23  24  25  26  27  28  30  31  32,24,\,T7,1 2 3 4 5 6 10,24,\,T7 T8,1 2 3 4 5,24,\,M1 T7 T8 M2,1 2 3 5 14 20 22 25,24,36 76,Fpz Fp2,3 9 12 25 29 31 32,24,\,P1 P7,1   2   3   4   8  17  19  21  25  26,24, T8,1 12 20 27 30,3 8 15 19,24,37 78 83 84 90 104 114 117 130,\,1 3 4 6 16 17 18 19 20 21
25,1 13,\,1 2 3 4 5 6 7 9 10 12 13 15 16 17 18 19 21 22 23 24 26 27 28,25,\,T7 T8,1   2   3   6   7   9  10  13  15  17  22  28,25,\,T7,1 2 4 ,25,\,Fp1 Fp2 Fpz T7 M2,1 2 3 4 5 7 8 15 16 18 24,25,\,F8 T8 O2,1 2 3 4 5 6 9 10 14 16,25,\,Fpz Fp2,5 14 15 17 21 22 23 24 25 26 28 30 31 32 33 34,25,\,FC5 T7 CP3,1   2   3   4   5   6   7   8  10  11  12  13  14  15  16  17  18  21  22  28,25, O2 FC1,12 20,1 2 3 4 6 14 19,25,3 100 ,\,1 4 8 9 10 12 13 16 19 20
26,4 7 10 11,T7 T8,1 2 3 4 5 6 7 8 9 11 12 13 14 15 16 17 18 20 21 22 23 24 29 30 31 32 33 34,26,\,\,1   2   3   4   5   6   7   8   9  10  11  13  14  15  16  18  20  22  27  28  29  30  31  32,26,4,\,1 3 4 5 6 9 10 17 18 23 25 29 32,26,\,FC5 T7 CP5,1 2 3 4 6 8 9 15 16 20 21,26,3 5 17,\,1 2 14 15 16 18 24,26,\,Fpz Fp2,1 2 3 10 13 14 15 16 17 18 19 20 24 25 29 33,26,\,Fpz Fp2,1   2   4   5   7   8  10  19,26, O2 Oz,\,1 2 4 11 13 14,26,4 10 43 67 70 ,\,1 2 5 6 10 12 14 15 17 18 19 22
,,,,27,130,T7,1   2   3   5   7  10  11  14  17  18  22  24  25  27  32,27,\,O1 O2,1 2 5 6 12 16 22 26 29,27,\,F8 FC5 FC6 M1 T7 T8 M2,1 3 5 6 7 8 10 11 12 16 18 19 23 24,27,\,M1 T7 T8,1 2 3 4 5 6,27,\,Fpz Fp2 T7 Tp8,1 2 6 7 8 9 12 15 16 18 19 20 21 22 26 27 28 29 31,27,30,\,1   2   3   4   5   6  10  11  20  24  30,27, O1 O2 Oz T7 T8,1 2,1 2 3 4 6 9 11 12 15 18 20,27,11 50 60 68 90 112 ,\,1 2 5 6 7 11 14 16 17
,,,,28,\,T7 T8 M1 M2,1   2   3   4   5   7   9  10  11  17  19  20  21  22  24  27  30  31  32,28,\,\,1 2 4 8 10 13,28,\,M1 T8 M2,1 2 3 4 5 6 7 8 20 23 24,28,\,Fz T7 T8,1 2 3 4 7 9 13 17 19 24,28,\,Fpz Fp2,1 2 4 5 6 25 28 31 32,28,\,Fpz Fp2,1   2   3   5   6   7  31,28, TP10,\,1 2 9 13 19,28,41 43 49 59 ,T7 T8 Tp7 Tp8 P8,1 2 3 4 5 6 8 9 11 12 13 14 15 18
,,,,29,\,T7 T8,1   2   3   4   7   8  10  12  13  14  15  17  19  20  28  29  30  31  32,29,2 3 7 ,\,1 2 3 4 5 6 7 9 14 17 25 28,29,4 5,M1 T7,1 2 3 5 6 8 24,29,22 26 30,M1 M2,1 2 6 12,29,2 6 10 13 16 17 18 20 28 30 38 39 54 55 58 65 66 73 75 77 78 79,Fpz,1 4 5 10 14 17 20 21 22 24 26 28 29 30 33 34,29,\,\,1   4   7  11  32,29,,20,1 3 4 10 12 13 14 20,29,59,\,1 3 4 5 6 10 11 18 19
,,,,.,,,,30,1 8 9 ,\,1 2 3 4 5 6 7 8 9 12 15 16 20 26 29 30,30,19,T8 M2,1 2 3 4 12 16 18 24 25,30,\,T7 T8 Oz O2,1 2 3 5 9 10,30,20 38 ,Fpz AF8,1 2 10 11 12 13 22 24 29 32,30,\,T7 P1 P7 PO7 T8,1  2  3  4  5  6  9,30, TP10 T8 O2,\,1 2 6 17 20,,,,
,,,,,,,,31,\,\,1 3 6 9 22 28,,,,,31,\,Fp2 P8,1 2 3 11,31,6 7 30 37 38 42 46 56 58 70 72 73 76 ,Fpz,1 9 10 12 13 15 16 18 19 23 24 27 32 33 34,31,\,\,1   3   5   9  15  25,31,,1 12 13 24 28 29 30,1 2 3 5 7 8 11 14 15 17 18 19,,,,
,,,,,,,,32,\,O1 O2 TP9 TP10 Fp1 Fp2 F7 F8 AF7 AF8 Fpz ,1 2 3 4 5 6 7 9 10 11 14 19 27 30,,,,,32,\,M1 T7 T8 M2,1 2 3 4 10 12 23,32,\,Fpz Fp2,1 2 10 12 19 26 27 31 32 ,32,\,P1 P7 P8 PO8,1   2   3   4   9  10,32,,24,2 8 9 10 11 14 15 17,,,,
,,,,,,,,33,\,\,4 9 14 15 22,,,,,33,26,T7 T8,1 2 3 4 7 10 11 17,33,68,Fpz Fp2,2 9 14 17 22 25 32,33,\,P1 P7,1   3   5   6  14,33, TP9 TP10 T7,\,1 2 3 7 11 18,,,,
,,,,,,,,34,\,\,3 4 7 15 30,,,,,34,\,T8 M2,1 2 3 4 9 19,34,19 38 52 76 79 80,Fpz Fp2 PO8 O2,3 4 6 8 9 10 13 25 31,34,\,\,1   2   4  15,34,,1 10,1 2 3 4 6 7 16 18 19,,,,
,,,,,,,,35,\,\,1 2 3 4 5 11 14 15 17 18 19 26,,,,,35,\,M1 T7 T8 M2,1 2 3 4 5 6 7 ,35,\,Fpz Fp2,4 6 8 11 15 20 22 23 28 31 32,35,\,P1 PO7 FT8,1   2   3   4   5  11  15,35,,\,1 2 6 7 10 11 12 15 17 19,,,,
,,,,,,,,36,\,T8 TP8,1 2 4 9 21 24,,,,,36,\,M1 M2,1 2 3 4 5 19,36,\,Fpz Fp2,1 2 5 6 7 8 10 12 15 18 19 20 28 34,36,\,\,1   2   5  13,36,,1,1 2 6 7 10 11 12 15 17 19,,,,
,,,,,,,,37,\,\,1 3 4 5 6 8 9 11 16 21 22 28 29 31,,,,,37,16 22,T7 T8,1 3 4 7 12 14 20 24,37,36 38 73 ,Fpz Fp2,2 3 10 11 13 15 16 18 20 22 23 26 28 29 31 33 35,37,\,\,1   2   3   4   6   7   8  24  25,37, Fpz AF3 IO T8,\,1 2 4 20,,,,
,,,,,,,,38,2 3 4,FC6 FC4 Fpz,1 2 3 4 6 7 8 9 10 11 14 19 20 22 31,,,,,38,8 18 20,\,1 2 3 4 5 6 8 9 11,38,\,Fpz Fp2 T7 T8,1 4 5 10 14 15 16 18 20 28 33,38,5 9 17 24,P7,1   2   8  21,38, ,\,1 2 3 5 10 15 17 18 19,,,,
,,,,,,,,39,2 5,\,1 2 3 4 5 7,,,,,39,\,M2,2 3 4 5 7 12 19 24,39,\,Fpz Fp2,2 13 27 34 35,39,\,\,1   2   5   7  11  14  15  17,39, T7 T8 F6,\,1 2 6 9 11 13 16 19,,,,
,,,,,,,,,,,,,,,,40,23,T8 M2,1 2 4 10 13 14 21,40,\,Fpz Fp2 Oz Tp7 T8,1 2 9 12 29 32 33,40,\,\,1  3  4,40, AF3,\,1 2 4 11 18,,,,
,,,,,,,,,,,,,,,,41,\,T7 T8,1 10,41,28 63 ,Fpz Fp2,1 3 4 5 7 8 9 11 12 14 15 16 17 19 23 25 28 32,41,1 3 27,O2 P6,1   2   3   4   5   6   7   8   9  10  11  12  13  14  15  16  17  18  19  20  21  22  23  24  25  26  27  28  29  32,41,,1 2 3 11 19,1 2 3 5 9 10 15 16 17 19 20,,,,
,,,,,,,,,,,,,,,,42,\,\,1 2 5 6 7 9 22,42,76 78 ,Fpz Fp2,5 7 14 15 17 18 20 21 22 28 31 33,42,\,\,1   2   3   4   6   9  11  17  30,42, POz Oz ,5 7 12 18 20,2 4 6 7 9 10 11 12 16 17 19 20,,,,
,,,,,,,,,,,,,,,,43,\,\,1 2 3 4 5 7 13 25,43,27,Fpz Fp2 T7,2 4 5 7 11 12 14 20 24 27 30 32 33 34 35,43,\,\,1   2   3   4   5   8  14,43, T7 T8 TP8,3 20 27,1 2 3 4 5 6 7 8 9 12 15 18 19,,,,
,,,,,,,,,,,,,,,,44,1 5 7 8 10 11 12 13 14 15 19,\,1 2 3 5 6 7 8 9,44,18 20 30 58 62 69 70 73 79,Fpz Fp2 O1,1 2 3 5 7 9 17 20 21 24,44,\,\,1   3   4   5  21,44, T8 Oz,1 26 28 29 30,1 2 5 6 9 14 16 18 19,,,,
,,,,,,,,,,,,,,,,45,19,T7 T8,1 2 3 8 13 23,45,16 18 34 54 57,Fpz Fp2,1 2 4 5 6 7 10 12 13 14 15 17 18 19 23 25 28 30 31 33,45,\,\,1  3  4  7  8,45,PO3 TP10 T8 F3,\,3 5 7 11 14 16 17 18 19 20,,,,
,,,,,,,,,,,,,,,,46,\,\,1 4 9,46,\,Fpz Fp2 T7 T8,1 2 6 7 8 30 33 34,46,1,POz,1   2   3   4   5  10  13,46, T8,17,1 3 4 5 9 12 13 14 16 17 18 20,,,,
,,,,,,,,,,,,,,,,47,\,T7 T8,1 2 3 4 6 16 18 19,47,79,Fpz Fp2,1 2 3 5 8 11 12 19 23 26 28 29 31 32 33,47,3 4 5 8 9 10 20,T7 T8,1   2   4   5   6   7   8   9  12  13  14  15  17  19  20  22  26  27  30,47,,29 30,2 4 6 7 12,,,,
,,,,,,,,,,,,,,,,48,2 10 13 20 26,M1,1 2 3 4 6 7 8 11 12 17 23,48,\,Fpz Fp2 T7 Tp7,2 7 18 20 22 26 31,48,14,\,1  2,48, C1 Oz POz AF3 Fpz,26 28,1 2 3 4 6 7 16 18,,,,
,,,,,,,,,,,,,,,,49,\,\,1 2 4 17,49,2 13 15 16 18 29 30 38 39 44 45 46 47 48 55 56 57 60 63 69 70 ,Fpz Fp2,1 2 3 4 6 7 21 22 23 26 28,49,1 2 3 4 17 18 19 21 23 27 28 29,P6,1   2   3   4   5   6   7   8   9  10  11  12  13  14  15  17  18  20  21  22  23  25  26  27  28  29  30  32,49, T7 TP7,\,1 8 10 11 12 13 17 18 20,,,,
,,,,,,,,,,,,,,,,50,\,M1 M2,1 2 3 4 7 15,50,\,Fpz Fp2 T8,2 3 9 12 20 26 31 32 33,50,\,FC2,1   3   5  10  21  24,50, T7 ,\,2 3 5 6 20,,,,
,,,,,,,,,,,,,,,,51,9 15 16 22 26 30,M1 M2,1 2 3 4 5 6 7 9 11 13 18,51,\,Fpz Fp2,1 2 7 9 14 17 18 19 21 22 25 26 28 32,51,3,\,1   2   3   4   5   8  11  26,51,\,1 4 6,1 2 3 5 6 7 12 14 15 16 17 19 20,,,,
,,,,,,,,,,,,,,,,52,9,T7 T8 M2,1 2 4 5 7 13 19 20,52,\,Fpz Fp2,1 2 3 4 6 9 10 23 24 25 26 27 29 33 34 35,52,\,\,4   5   6   7  10  11  12  13  14  15  16  18  19  26  27,52,\,7 8 9 10,2 3 12 20,,,,
,,,,,,,,,,,,,,,,53,16,T7 T8 M2,1 2 4 5 6 11 14 17 19,53,22 36 43 44 60 64 66 67 70 ,Fpz Fp2,1 6 18 21 22 30 34 35,53,\,\,2   4   6  12,53, O1 O2,4 20,2 3 4 5 6 8 9 10 19 20,,,,
,,,,,,,,,,,,,,,,54,4,FC6 T7 T8,1 2 5 8 14,54,\,\,1 3 7 11 12 14 ,54,2 3 4 5 6 8 9 10 18 20 26 28 29,\,1   2   3   5   6   7   8   9  10  11  12  13  15  16  17  19  20  21  28,54,\,\,1 2 4 5 8 9 10 12 13,,,,
,,,,,,,,,,,,,,,,55,\,F8 T7 M2,1 2 3 4 5 11 18 23 25,55,6,CP4 T7 O1,4 5 7 8 10 12 14 17 24 28 29 30,55,2 3 5 18 20,Fp1,1   2   3   4   5   6   7   8   9  10  11  13  16  20  21  27  29  30,55, TP10 T7,\,1 2 5 7 9,,,,
,,,,,,,,,,,,,,,,56,\,M1 M2 T7 T8,1 2 3 4 5,56,\,Fpz Fp2,1 2 3 4 6 9 18 26 27 29 35,56,17 18 19 20,\,1   3   5   6   7   8   9  11  13  14  15  17  19  21  23  25  26,56,\,1,1 2 3 4 5 15,,,,
,,,,,,,,,,,,,,,,57,\,M1 M2 T7 T8,2 6 19,57,\,\,2 4 5 6 10 11 18 22 23 26 27 30 31 32 33 35,57,12 26 29 30,\,1   2   3   4   6   8   9  15  25,57,\,10 12 17 18 20 21 28,1 3 4 5 7 10 12 17,,,,
,,,,,,,,,,,,,,,,58,\,M2,1 2 3 5,58,6 30 38 ,Fpz,1 2 3 4 6 9 10 16 17 19 24 27 28 29 35,58,6,\,2   5   6  12  16,58, TP10 F3 T7,1 2 6 10 12 23,1 2 3 4 7 13,,,,
,,,,,,,,,,,,,,,,59,11 12,T7 T8 M2,1 2 3 4 5 6 8 9 20 25,59,61,\,1 2 3 7 9 12 13 15 17 19 20 22 23 24 25 26 28 30 32 35,59,\,\,1   3   4   6   9  12  15  16  17  22,59,\,5 6 11 12 15 16 20,2 3 5 6 7 8 9 10 11 12 13 14 15 16 17 18 19 20,,,,
,,,,,,,,,,,,,,,,60,2,M2,1 2 4 5 6 7 9 24,60,55 61 ,\,1 2 3 4 5 7 19 20 21 23 30 31,60,\,\,1   2   3   4   7   9  11  12  26  29,60, TP9 TP10 F3 T8,1 2 3,1 5 8 9 11 18,,,,
,,,,,,,,,,,,,,,,61,\,\,1 2 3 4 5 7 8 10,61,\,Fpz Fp2 P2 P4,1 2 4 5 6 7 9 13 14 15 16 17 19 22 23 24 25 26 27,61,3 20,TP7 T8 PO8,1   3   4   5   6   8   9  10  14  16  24  25  26,61,,\,1 4 9 13 15 18 19 20,,,,
,,,,,,,,,,,,,,,,62,\,T7 T8,1 2 3,62,\,Fpz Fp2,2 4 5 7 10 16 21 28 32 33 34 35,62,\,Fp2 AF4,1   2   6   8  10  20,62, TP9 TP10,3,1 2 4 6 7 8 9 10 11 12 14 15 16 17 18 19,,,,
,,,,,,,,,,,,,,,,63,\,T8 M2,1 2 3 4 5 10 17,63,6 10 17 20 23 28 29 31 32 34 36 38 41 45 46 48 50 53 55 56 57 58 59 63 64 65 66 67 68 69 70 71 72 73 76 79 80,\,1 2 3 7 9 10 11 12 13 16 18 29 32 33 35,63,2 3 4 5 12 17 18 20 21 26 28 29 30,FO7,1   2   3   4   5   7   8  10  12  19  22  32,63, F7 FC5 T7 FC3 F5 AF7 FT7,3 4 12 13 14 15 17,1 2 3 5 6 7 8 9 10 14 16 18 19 20,,,,
,,,,,,,,,,,,,,,,64,3 4 5 6 8 9 10 11 12 13 14 15,T7 T8,1 2 3 4 5 6 13,64,\,Fpz Fp2 Fp1 AF7 AF8,3 5 7 9 24 30,64,\,\,1   2   3   4   6   7   9  10  11  12  13  19  23,64, TP9 TP10,15 21,1 2 3 4 13 20,,,,
,,,,,,,,,,,,,,,,65,\,T7 T8,1 3 4 5 20,65,76,Fpz Fp2 Fp1 AF7,1 5 6 12 13 17 19 24 26 27 29 31 33,65,,TP7 T8,1   2   6   7  21  24  28  32,65, TP9 TP10 ,21 24,1 2 3 6 8 10 15 19,,,,
,,,,,,,,,,,,,,,,,,,,66,\,\,1 4 5 6 9 11 13 14 21 23 24 27,66,\,\,1   2   3   9  27,66, TP9 TP10 O1,\,1 2 3 5 6 8 10 13 18 19,,,,
,,,,,,,,,,,,,,,,,,,,67,9 36 46 ,T7 T8,1 2 5 7 13 18 20 21 22 23 24 26 27 28 29 30 31 33 34,67,20,\,1   4   5   7   9  10  15  26  27  32,67,\,1 2 5 6,1 2 6 7 9 11 14 15 16 17 18 19 20,,,,
,,,,,,,,,,,,,,,,,,,,68,\,Fpz T8,1 2 3 6 7 8 12 25 26 28 29 30 31,68,27,Fpz,1   2   4   9  13  14  15  22  24  26  32,68, TP9 TP10,18 16 19 26 29,2 3 4 6 10 13 17 18 20,,,,
,,,,,,,,,,,,,,,,,,,,69,33 36 38 40 56 58 60 72 73,Fpz Fp2,1 2 3 5 6 9 18 27 28 30 32 34 35,69,\,\,1   2   3   6   9  17  23  27  32,69, T7 TP9 TP10,\,1 2 5 6 7 8 9 10 11 12 13 15 16 17 18 20,,,,
,,,,,,,,,,,,,,,,,,,,70,55,Fpz Fp2 T7 TP7 ,1 2 3 9 11 12 13 16 17 18 21 23 24 25 28 29 30 34 35,70,\,\,1   2   3   6   9  10,70, TP9 TP10 Fpz,1 3 8 17 21,1 2 3 4 13 20,,,,
,,,,,,,,,,,,,,,,,,,,71,79,Fpz Fp2,1 4 7 8 12 13 14 15 17 18 19 20 22 24 25 28 29 30 31 32,71,\,T7 T8,1   2   9  23,71, TP9 TP10 T8,\,1 2 3 7 9 12 15 20,,,,
,,,,,,,,,,,,,,,,,,,,72,38 56 58 70 75 ,Fpz Fp2,1 4 5 7 8 10 13 14 15 20 22 23 29 32 35,72,22,\,1   2   3   5   7   8  11  12  15  19  20  21  29  30,72, TP9 TP10,3 4 9 30,1 2 3 4 5 6 7 13 17,,,,
,,,,,,,,,,,,,,,,,,,,73,22 29 30 33 38 76  ,Fpz Fp2 AF4,1 2 3 6 7 23 27 30,73,\,\,1   2   3   4   5  11  14  19,73, TP9 TP10 T7 T8,\,1 2 8 9 10 12 14 15 17 20,,,,
,,,,,,,,,,,,,,,,,,,,74,80,Fpz Fp2,1 2 4 7 19 24 26 31,74,\,\,1   2   3   5   6  12  14  19,74, TP9 TP10 AF3,9,1 2 3 14 15,,,,
,,,,,,,,,,,,,,,,,,,,75,20 26 28 32 33 36 38 46 50 51 62 63 72 76 78 79 ,Fpz Fp2,1 2 5 7 8 9 11 14 19 20 23 26 27 28 30,75,\,\,1   2   5   7   9  12  13  15  24  38  41  49  53  54,75, TP10,3 6 12,1 2 4 5 6 8 9 10 11 12 13 16 17 18 20,,,,
,,,,,,,,,,,,,,,,,,,,76,36 39 40 ,Fpz Fp2 Pz,4 5 8 9 10 11 12 13 14 15 19 31,76,\,T7 T8,1  2  3  4  5  6  7,76, TP9 TP10 F3,17 18 21 26 28 29,1 3 4 6 8 9 11 15 17 18,,,,
,,,,,,,,,,,,,,,,,,,,77,\,Fpz Fp2 T7 FT7,1 2 8 11 16 19 22 33,77,26,Fp2 AF8 T8,1   2   3   4   5   6   7   8   9  10  11  12  18  31,77, TP9 TP10,1 2 12 17 18 29,1 2 4 6 10 11 12 16 17 19 20,,,,
,,,,,,,,,,,,,,,,,,,,78,20 32,Fpz Fp2 AF4 T8,1 2 3 4 17 19 21 22 24 25 31 34 35,78,\,\,1  3  4  5,78, TP9 TP10,\,1 2 8 14 17 18,,,,
,,,,,,,,,,,,,,,,,,,,79,\,Fpz Fp2 TP7,1 2 5 7 8 9 11 17 18 20 22 23 25 26 29 30 31,79,\,\,1   2   3   9  11,79, TP9 TP10 AF3 AF4,\,1 3 5 7 8 11 14 15 16 17 18,,,,
,,,,,,,,,,,,,,,,,,,,80,6 7 23 39 40 58 77 ,Fpz Fp2,1 2 4 8 11 13 15 17 18 25 27 28 34,80,\,\,1 2 5 11 13 14 15 16 20 21 22 23 25 26 27 28 29 31 32 33 34 35,80, TP9 TP10,2 3 4 5 6 10 11 13 17 18,3 10 11 12 17,,,,
,,,,,,,,,,,,,,,,,,,,81,18,Fpz Fp2,2 3 4 6 7 24 26 27 30,81,\,\,1 2 3 4 5 7 8 9 10 11 13 15 16 17 18 19 20 21 22 23 24 25 26 27 28 29 30 31 32 35,81, T7 T8 TP8,3,3 4 7 13 14 17 18 19,,,,
,,,,,,,,,,,,,,,,,,,,82,6 12 13 18 30 31 33 36 40 70 76 78 79 ,Fpz Fp2 T7 CP1 Oz PO7 PO4 PO8 Fp1 ,1 2 3 4 11 13 19 20 30 34 35,82,\,\,1 2 3 4 7 8 9 12 14 15 21 23 26 29 33,82,\,\,14 17 18,,,,
,,,,,,,,,,,,,,,,,,,,83,\,Fpz Fp2 PO8,1 3 5 6 8 9 10 11 14 17 18 19 22 24 28 30 31 33,83,\,\,1   2   6  11  21  23  24,83, TP9 TP10 T8 AF7,25 26 27 28 29 30,2 3 4 10 11 12 13 16 19,,,,
,,,,,,,,,,,,,,,,,,,,84,\,Fpz Fp2 Fp1,1 2 18 22 25 32 33 35,84,\,\,1   3   4   8  11  12  16,84,\,3,1 2 3 4 6 9 11 15 16,,,,
,,,,,,,,,,,,,,,,,,,,85,78,Fpz Fp2 AF3,1 2 3 5 11 27 28 29 34,85,\,\,1   2   3   7  12  16  20,85, TP9 TP10 T7 AF4,\,1 2 3 7 12 13 20,,,,
,,,,,,,,,,,,,,,,,,,,86,18 24 29 30 33 36 78 80 ,Fpz Fp2 T8,1 2 6 7 8 10 22 30 31 32 35,86,\,\,1   3   4   5   7  13  30  32,86, T7 T8,1 2 3 4 8 11 12 26 30,1 2 3 7 14 18 20,,,,
,,,,,,,,,,,,,,,,,,,,87,5,Fpz Fp2,1 4 6 14 15 16 17 18 20 22 23 25 26 30 31 34,87,\,\,1   3   4   7   9  12  21,87,T7 T8 ,23,5 6 7 8 9 13 15 17 19,,,,
,,,,,,,,,,,,,,,,,,,,88,38 69 79 80,Fpz Fp2 TP7 T7 T8,4 13 14 15 18 19 22 23 26 27 28 29 31 33 35,88,\,\,1  2  3  5  9,88, TP9 TP10 ,14 17 23 24,5 8 9 11 12 14 15 16 17 18 19 20,,,,
,,,,,,,,,,,,,,,,,,,,89,1 2 4 37 ,Fpz Fp2,1 2 3 4 5 6 7 8 9 10 11 13 15 17 19 20 21 22 26 29 32 35,89,\,\,1   2   3   4   5   6   7   8   9  10  11  12  14  15  18  19  20  22  23  25  30,89,  TP9 TP10 ,\,1 3 4 5 15 17 19 20,,,,
,,,,,,,,,,,,,,,,,,,,90,22 31 37 60 79 ,Fpz Fp2 T7 T8,1 6 17 19 21 25 27 28 30 31 32 33 34,90,\,\,1   4   5  14  16  32,90, TP9 TP10 ,\,1 2 3 5 9 11 12 16 19 20,,,,
,,,,,,,,,,,,,,,,,,,,91,\,Fpz Fp2 T7 PO7,2 3 4 5 6 7 9 10 11 12 14 18 20 22 27,91,\,\,1   2   3   4   6   7   8   9  10  12,91, TP9 TP10 ,2 3 4,1 3 7 8 13 17 19 20,,,,
,,,,,,,,,,,,,,,,,,,,92,\,Fpz Fp2,1 3 7 9 10 13 14 15 17 20 21 22 28 29 30 31 32 35,92,\,\,1   3   6   9  10,92, TP9 TP10 ,\,1 2 8 9 10 11 12 15 18 19,,,,
,,,,,,,,,,,,,,,,,,,,93,18 31 34 65 ,Fpz Fp2 O2,1 2 3 6 8 13 18 19 20 21 28 32,93,\,\,1   3   4   5  18,93, TP9 TP10 T7,\,2 3 8 11 14 15 17 18 19,,,,
,,,,,,,,,,,,,,,,,,,,94,\,Fpz Fp2 T7,3 5 9 11 12 13 14 15 25 32 34 35,94,\,\,3   5   8  11,94, T7 T8 TP9 TP10 ,\,1 2 4 5 7 9 10 13 14 15 16 18 19 20,,,,
,,,,,,,,,,,,,,,,,,,,95,\,Fpz Fp2,3 5 9 21 23 24 25 26 28 30 31,95,\,\,1   2   3   4   5   6   7   9  14  16  20  22,95, AF3 AF4,2 3 4 5 6 10 18 19 17 28 20,1 2 4 6 8 10 12 15 17 18 20,,,,
,,,,,,,,,,,,,,,,,,,,,,,,96,\,\,3   4   5   6   8   9  10  14  15  17  18  28  29  30  32,96,,6,1 2 3 4 5 7 8 11 15  17,,,,
,,,,,,,,,,,,,,,,,,,,,,,,97,2 3 5 14 17 20,\,1   2   3   4   5   7   9  10  12  17  20  21  25  32,97, TP9 TP10 ,2 3 28,1 2 6 8 14 17 18 19 20,,,,
,,,,,,,,,,,,,,,,,,,,,,,,98,2 3 4 12 14 17 18 20 25,\,1   2   3   4   5   6   7   8   9  10  11  12  15  16  17  18  19  20  22  23  26  27  28  30  31,98, TP9 TP10 ,20 22 23 26 27 1 2 3,2 3 6 10 15,,,,
,,,,,,,,,,,,,,,,,,,,,,,,99,\,\,1   2   3   7  24  28,99, O2 TP9 TP10 ,4 14 17 18 30,1 2 5 6 8 9 10 11 12 14 16 18,,,,
,,,,,,,,,,,,,,,,,,,,,,,,100,\,\,1  2  4  9,100, TP9 TP10 ,\,1 5 6 7 8 9 10 11 12 14,,,,
,,,,,,,,,,,,,,,,,,,,,,,,101,\,P4,1  2  3  5  6  7,101,TP9 TP10 AF3,27,1 2 4 9 14 15 19,,,,
,,,,,,,,,,,,,,,,,,,,,,,,102,29,T7 T8 TP8,1   2   3   4   6   7  10  14  23  24,102, TP9 TP10 ,19 20,1 2 3 10 12 20,,,,
,,,,,,,,,,,,,,,,,,,,,,,,103,\,Fp1,1   5   6   8  10  11  13  14  18  19  21  23  24  25  26  28  32  34  35  36,103, TP9 TP10 ,12 30,1 2 3 4 5 19 20,,,,
,,,,,,,,,,,,,,,,,,,,,,,,104,\,CP1 P3,1   2   3  24,104, TP9 TP10  TP8 ,\,1 2 10 16,,,,
,,,,,,,,,,,,,,,,,,,,,,,,105,\,\,1   2   3   4   5   6   7   8   9  10  11  12  13  14  15  16  17  18  19  21  22  23  24  26,105, TP9 TP10  T7 T8 TP7,\,1 2  6 11 15 16 19,,,,
,,,,,,,,,,,,,,,,,,,,,,,,106,\,\,1   2   3   5   8  11  32,106,T8,\,1 2 3 5 8 11 17 18 19,,,,
,,,,,,,,,,,,,,,,,,,,,,,,107,\,\,1   2   3   4   5   6   7   8   9  10  11  15  16  21  24  28,107, TP9 TP10 T8 ,3 8 14 18 26,1 2 3 5 6 7 8 11 12 13 14 15 16 17 18 19 20,,,,
,,,,,,,,,,,,,,,,,,,,,,,,108,\,\,1   2   3   5   6   9  10  15  16  18  20,108,T8 AF3 TP10,28 22 20 18 8 2,1 2 4 13 14 16 18,,,,
,,,,,,,,,,,,,,,,,,,,,,,,109,\,\,1   4   7   8   9  11  12  13  15  16  18  20  25  26  31,109, TP9 TP10 ,19 29,1 2 3 5 6 7 8 10 11 12 13 14 16 17 18 20,,,,
,,,,,,,,,,,,,,,,,,,,,,,,110,\,\,1   2   4   8   9  11  12  14  16  32,110,AF4 T8 F8,\,1 2 5 8 13 17 18 20,,,,
,,,,,,,,,,,,,,,,,,,,,,,,111,\,\,1   2   4  12  17,111,T7,\,1 2 7 10 11 12 15 20,,,,
,,,,,,,,,,,,,,,,,,,,,,,,112,17,\,1   2   4  17  20  26,112, TP9 TP10 ,\,1 2 3 7 16 18,,,,
,,,,,,,,,,,,,,,,,,,,,,,,113,\,\,1   2   5   8  11  15  17,113, TP9 TP10 ,15 19,1 2 3 4 15 16 20,,,,
,,,,,,,,,,,,,,,,,,,,,,,,114,\,\,1   4   6  22,114, TP9 TP10 ,\,1 5 6 8 10 12 13 15 16 17 19 20,,,,
,,,,,,,,,,,,,,,,,,,,,,,,115,\,T7 Fpz,1   2   3   4   5   7   8  11  20  26,115,\,20,1 2 3 4 7 8 9 12 13 14 16 17 19,,,,
,,,,,,,,,,,,,,,,,,,,,,,,116,\,\,1   2   3   4   5   7   9  10  14,116,T7 T8,\,1 2 8 11 19,,,,
,,,,,,,,,,,,,,,,,,,,,,,,117,\,P7 PO7 CP6,1   2   4   5   6   7   8   9  12  14  17  18  21  23  26,117, TP9 TP10 ,\,1 2 3 4 7 11 14 16 17 18 19 20,,,,
,,,,,,,,,,,,,,,,,,,,,,,,118,\,P7 CP3 P1 PO7,1 2 3 4 6 7 8 10 12 13 15 16 17 25 27 28 29 30 31 32,118,AF3,30,1 2 4 6 7 10 11 13 15 17 18 19,,,,
,,,,,,,,,,,,,,,,,,,,,,,,119,\,PO7,1 2 3 4 5 6 8 9 10 15 16 17 19 20 22 24 25 27 31,119, TP9 TP10 ,\,1 2 3 4 18,,,,
,,,,,,,,,,,,,,,,,,,,,,,,120,\,\,1 2 3 8 20 25 26 32 34,120,T7,\,1 2 3 4 5 6 7 9 10 11 13 14 15 16 17 19 20,,,,
,,,,,,,,,,,,,,,,,,,,,,,,121,\,\,1 2 3 4 5 9 16 23 26 29 32 34,121,T7 TP8,9 20 30 ,1 2 3 4 5 6 8 9 10 11 12 13 14 15 16 17 18 19,,,,
,,,,,,,,,,,,,,,,,,,,,,,,122,\,\,1 2 3 4 6 9 13 17 18 19 20 22 23 25 27 28 29 32 33,122, TP9 TP10 C1 T8,3 17 20 21 26,1 2 3 4 6 8 11 12 14 15 16,,,,
,,,,,,,,,,,,,,,,,,,,,,,,123,\,T8,1 2 7 11 14 15 18 19 20 26 31 33 35,123, TP9 TP10 ,\,1 2 10 11 13 14 15 18 20,,,,
,,,,,,,,,,,,,,,,,,,,,,,,124,\,T7 T8,1 2 3 4 5 6 7 9 13 14 20 25 26 29 30 34,124,AF3 T7,\,1 2 5 6 9 10 12 13 14 15 17 18 20,,,,
,,,,,,,,,,,,,,,,,,,,,,,,125,\,C6 CP6,1 2 3 4 6 10 11 12 17 19 23 24 28 32,125,CP6 F4 C6,3 5 7 8 14 22 24 28 30,1 2 4 5 6 7 8 9 11 16 17 18 19 20,,,,
,,,,,,,,,,,,,,,,,,,,,,,,126,24,\,1   2   3   4   5   6   7   8   9  10  12  13  14  15  16  17  19,126, TP9 TP10 TP7,4 24 28 30,1 2 3 5 7 8 12 13 14 15 16 19 20,,,,
,,,,,,,,,,,,,,,,,,,,,,,,127,\,\,1   3   7   8  11  12  19  23  28,127,T7 Oz,3 30,1 2 4 5 7 8 9 10 12 13 15 18 19 20,,,,
,,,,,,,,,,,,,,,,,,,,,,,,128,\,PO7 Fz T8,2   3   4   5   6  12  13  15  23,128, TP9 TP10  T7,\,1 4 5 7 9 ,,,,
,,,,,,,,,,,,,,,,,,,,,,,,129,\,T8,1   2   3   4   5   6   9  11  12  15  17  19  20,129, TP9 TP10 T8,\,1 2 3 4 6 11 15 16 17,,,,
,,,,,,,,,,,,,,,,,,,,,,,,130,\,C3,1   2   5   6   7  10  11  14  16  25,130, TP9 TP10 ,3 24,1 2 5  7 8 11 13 14 18,,,,
,,,,,,,,,,,,,,,,,,,,,,,,131,\,\,1   2   3   4   5   6   7   8  11  12  13  15  16  17  22  23,131,\,\,1 2 3 4 8 11 14 15 17,,,,
,,,,,,,,,,,,,,,,,,,,,,,,132,\,\,1   2   3   5   6   7   8   9  10  11  13  14  15  17  19  23  25  26  29,132,T7 T8 TP7,\,1 2 3 4 5 6 8 9 11 12 13 14 15 17 19,,,,
,,,,,,,,,,,,,,,,,,,,,,,,133,\,T8,1   2   5  10  16  19  22  23  26,133, TP9 TP10 T8 AF7 AF8,\,1 2 3 6 7 8 13 14 17,,,,
,,,,,,,,,,,,,,,,,,,,,,,,134,14,Fp1 Fp2 AF8,1   2   3   4   5   6   7   9  11  14,134,T8 Pz,\,1 2 3 6 7 9 10 11 13 14 20,,,,
,,,,,,,,,,,,,,,,,,,,,,,,135,\,\,1   2   3   4   5   6   7  10  11  13  16  20  23  24,135,T7 ,\,1 2 3 4 5 6 8 9 10 11 13 14 16 17 18 20,,,,
,,,,,,,,,,,,,,,,,,,,,,,,136,\,\,1   2   3   5   6   7   8  11  14  16,136,T7 T8 TP7,1 2 3 15,1 2 3 4 5 6 11 12 16 17,,,,
,,,,,,,,,,,,,,,,,,,,,,,,137,7 14 19 20,\,1   2   3   5   6   9  10  13  15  20,137,FT7,5 12,1 10 15 18,,,,
,,,,,,,,,,,,,,,,,,,,,,,,138,\,CPz AF8,1   2   3   4   5   7   8   9  13  15  18  19  22,138,T7 T8,4 5 20 22,1 2 8 15 20,,,,
,,,,,,,,,,,,,,,,,,,,,,,,139,\,\,1   3   4   5   7  10  11  12  13  16  18  19  22  24,139, TP9 TP10  T7 T8,17 21 26 30,1 2 3 4 5 7 10 11 12 13 14 15 16 19 20,,,,
,,,,,,,,,,,,,,,,,,,,,,,,140,\,\,1   2   3   4   7   8   9  12  13  15  24  32  41  42  43  47  48  49,140,T7 T8 FT7,6 10 18 16 18 19 20 23 26 28 29,1 2 3 7 8 12 14 15 18 19 20,,,,
,,,,,,,,,,,,,,,,,,,,,,,,141,\,\,1   2   3   4   5   6   7   8   9  10  11  12  13  14  15  16  17  18  19  20  21  22  23  24  25  26  27  28  29  32,141,\,25 26,1 2 3 4 6 7 8 9 10 11 12 13 14 15 16 17 18 19 20,,,,
,,,,,,,,,,,,,,,,,,,,,,,,142,\,\,1   2   3   4   6   7   8   9  10  11  12  13  14  15  16  17  18  19  20  21  22  23  24  25  26  27  28  29  30  31  32,142,\,4,1 2 3 4 6 7 8 19 20,,,,
,,,,,,,,,,,,,,,,,,,,,,,,,,,,143, TP9 TP10 T7 T8,20,1 2 11 14 15 20,,,,
,,,,,,,,,,,,,,,,,,,,,,,,,,,,144,T7 ,\,3 4 5 15,,,,
,,,,,,,,,,,,,,,,,,,,,,,,,,,,145, TP9 TP10  T7 T8,\,1 2 6 8 11 13 14 15 16 17 18 19 20,,,,
,,,,,,,,,,,,,,,,,,,,,,,,,,,,146, TP9 TP10 T8 TP8,11,1 2 3 4 5 6 7 8 9 10 11 12 14 17 18,,,,
,,,,,,,,,,,,,,,,,,,,,,,,,,,,147, TP9 TP10 ,20,3 4 5 17,,,,
,,,,,,,,,,,,,,,,,,,,,,,,,,,,148, TP9 TP10 T7 T8,\,2 3 4 7 8 9 10 11 13 14 17 18,,,,
,,,,,,,,,,,,,,,,,,,,,,,,,,,,149,O1 T7,3 11,2 3 4 6 7 8 12 14 15 18 19,,,,
,,,,,,,,,,,,,,,,,,,,,,,,,,,,150,\,20 25 26 27 29 30,1 3 4 5 6 8 10 11 12 13 15 19 20,,,,
,,,,,,,,,,,,,,,,,,,,,,,,,,,,151,T7,\,1 3 5 6 9 12 14 15 16 18 20,,,,
,,,,,,,,,,,,,,,,,,,,,,,,,,,,152, TP9 TP10 T8,\,2 3 5 6 7 8 9 10 12 14 15 18 19 20,,,,
,,,,,,,,,,,,,,,,,,,,,,,,,,,,153,\,\,1 2 3 5 6 11 17 20,,,,
,,,,,,,,,,,,,,,,,,,,,,,,,,,,154,T8,12 15 20,1 2 3 5 7 8 11 15 18 20,,,,
,,,,,,,,,,,,,,,,,,,,,,,,,,,,155, TP9 TP10 F3,1 2 3,1 2 5 10 12 14 17 18 19 20,,,,
,,,,,,,,,,,,,,,,,,,,,,,,,,,,156,\,\,1 5 13,,,,
,,,,,,,,,,,,,,,,,,,,,,,,,,,,157,TP8,\,1 2 3 4 5 6 9 10 11 12 13 14 15 16 17 18,,,,
,,,,,,,,,,,,,,,,,,,,,,,,,,,,158,FT7 FT8 FT9,10 23 26 27 30 28,1 2 5 7 9 10 15 16 17 18 20,,,,
,,,,,,,,,,,,,,,,,,,,,,,,,,,,159, TP9 TP10 T7,\,1 2 3 6 10 11 13 14 18 20,,,,
,,,,,,,,,,,,,,,,,,,,,,,,,,,,160,\,\,1 2 3 5 6 11 20,,,,
,,,,,,,,,,,,,,,,,,,,,,,,,,,,161,\,,1 3 4 6 8 9 12 13 15 18 19 20,,,,
,,,,,,,,,,,,,,,,,,,,,,,,,,,,162, TP9 TP10 FT10 FT9,12,1 2 3 4 5 6 14 16,,,,
,,,,,,,,,,,,,,,,,,,,,,,,,,,,163,O1 Oz PO7 FT7,,1 2 5 6 7 8 10 11 14 15 19,,,,
,,,,,,,,,,,,,,,,,,,,,,,,,,,,164,FC6 TP8 P6,6 10,3 9 11 13 16 19,,,,
,,,,,,,,,,,,,,,,,,,,,,,,,,,,165,T7,,1 2 7 8 10 11 12 14 16 17 18 20,,,,
,,,,,,,,,,,,,,,,,,,,,,,,,,,,166,,2 3 12 18,1 2 3 4 5 6 7 9 10 12 13 14 15 17 18 20,,,,
,,,,,,,,,,,,,,,,,,,,,,,,,,,,167,T7 T8 ,,2 3 5 8 10 11 13 18,,,,
,,,,,,,,,,,,,,,,,,,,,,,,,,,,168,AF4 T8 ,13 16,1 2 3 4 10 11 15 16 17 19 20,,,,
,,,,,,,,,,,,,,,,,,,,,,,,,,,,169,,17 20 25 27,1 2 3 4 5 6 10 11 12 15 16 19,,,,
,,,,,,,,,,,,,,,,,,,,,,,,,,,,170,,6 14,1 9 11 15,,,,
,,,,,,,,,,,,,,,,,,,,,,,,,,,,171,T8,,1 2 3 4 15 16 17 20,,,,
,,,,,,,,,,,,,,,,,,,,,,,,,,,,172,,20 26,1 2 3 7 13 17 19,,,,
,,,,,,,,,,,,,,,,,,,,,,,,,,,,173,FT7,1 5 6 9 11 15 18 27 30,1 2 3 5 7 11 13 15 17 20,,,,
,,,,,,,,,,,,,,,,,,,,,,,,,,,,174,,18 24,1 4 7 8 9 10 11 15 17  19 20,,,,
,,,,,,,,,,,,,,,,,,,,,,,,,,,,175,T7 T8,3 5 14,1 2 3 5 7 9 11 12 13 14 17,,,,
,,,,,,,,,,,,,,,,,,,,,,,,,,,,176,,1 3 4,1 13 14 15 16 17 ,,,,
,,,,,,,,,,,,,,,,,,,,,,,,,,,,177,T7 T8 ,3 29,1 2 4 6 7 17 20,,,,
,,,,,,,,,,,,,,,,,,,,,,,,,,,,178,,12,1 2 3 4 6 7 9 10 11 13 14,,,,
,,,,,,,,,,,,,,,,,,,,,,,,,,,,179,T8,,1 2 3 5 6 7 8 10 11 12 14 15 17 18,,,,
,,,,,,,,,,,,,,,,,,,,,,,,,,,,180,T7 T8,,3 6 7 11 12 13 15 16,,,,
,,,,,,,,,,,,,,,,,,,,,,,,,,,,181,T7 T8 ,,1 2 3 6 7 11 20,,,,
,,,,,,,,,,,,,,,,,,,,,,,,,,,,182,AF3 AF4,,1 2 3 6 7 8 10 11 14 16 18 20,,,,
,,,,,,,,,,,,,,,,,,,,,,,,,,,,183,T7 T8,16 28,1 2 3 4 7 8 9 13 15 18 19,,,,
,,,,,,,,,,,,,,,,,,,,,,,,,,,,184,\,,1 2 3 4 5 6 7 8 9 10 12 13 14 18 19 20,,,,
,,,,,,,,,,,,,,,,,,,,,,,,,,,,185,T7,,1 2 3 7 8 9 12 16 17,,,,
,,,,,,,,,,,,,,,,,,,,,,,,,,,,186,Fpz,,1 2 3 10 12 13,,,,
,,,,,,,,,,,,,,,,,,,,,,,,,,,,187,,3 6 21,1 2 3 4 16,,,,
,,,,,,,,,,,,,,,,,,,,,,,,,,,,188,T7 TP9,28,1 2 7 10 12 13 14 15 16 19 20,,,,
,,,,,,,,,,,,,,,,,,,,,,,,,,,,189,T7,,1 2 4 6 8 9 10 12 13 15 16 17 18 19 20,,,,
,,,,,,,,,,,,,,,,,,,,,,,,,,,,190,CP5 TP9,6 10 15 17 30,1 2 3 4 5 6 7 8 9 10 11 13 14 15 16 18 19,,,,
,,,,,,,,,,,,,,,,,,,,,,,,,,,,191,CP5 FT10,23 27,1 2 8 10 19,,,,
,,,,,,,,,,,,,,,,,,,,,,,,,,,,192,CP5 FT10 TP9,15,1 2 3 4 5 7 8 9 13 14 17 18 19 20,,,,
,,,,,,,,,,,,,,,,,,,,,,,,,,,,193,FT10 TP9 T7 ,5 8,1 2 3 4 5 7 9 11 15 17 19,,,,
,,,,,,,,,,,,,,,,,,,,,,,,,,,,194,FT7, 1 2,1 2 4 7 8 9 11 15 16 17 18 20,,,,
,,,,,,,,,,,,,,,,,,,,,,,,,,,,195,\,,1 2 9 14 15 16 18 20,,,,
,,,,,,,,,,,,,,,,,,,,,,,,,,,,196,\,,1 5 7 10 13 17 18,,,,
,,,,,,,,,,,,,,,,,,,,,,,,,,,,197,\,14 18 21 23 24,1 2 3 6 16 19,,,,
,,,,,,,,,,,,,,,,,,,,,,,,,,,,198,CP5 TP9 AF4,,1 2 3 5 12 14 15 16 17 18 19 20,,,,
,,,,,,,,,,,,,,,,,,,,,,,,,,,,199,\,,1 2 3 4 6 9 10 11 13 17 18 19,,,,
,,,,,,,,,,,,,,,,,,,,,,,,,,,,200,,28,1 6,,,,
,,,,,,,,,,,,,,,,,,,,,,,,,,,,201,\,,1 6 7 13 14 15 16 17 18,,,,
,,,,,,,,,,,,,,,,,,,,,,,,,,,,202,T7 T8 TP9,,1 2 3 4 6 7 12,,,,
,,,,,,,,,,,,,,,,,,,,,,,,,,,,203,CP5 FT10 TP9,,5 7 18,,,,
,,,,,,,,,,,,,,,,,,,,,,,,,,,,204,CP5 FT10 TP9,,1 2 6 8 9 11 12 18 20,,,,
,,,,,,,,,,,,,,,,,,,,,,,,,,,,205,T7 CP5,,1 2 8 12 14 17 18 19 20,,,,
,,,,,,,,,,,,,,,,,,,,,,,,,,,,206,AF3 AF4,,1 2 3 4 6 7 8 10 13 14 15 18 19,,,,
,,,,,,,,,,,,,,,,,,,,,,,,,,,,207,FT9,,1 4 6 7 8 10 13 18,,,,
,,,,,,,,,,,,,,,,,,,,,,,,,,,,208,T7 T8 AF3 TP8 C3,11 12 19,1 2 3 4 5 6 7 9 10 13 15 16 18 20,,,,
,,,,,,,,,,,,,,,,,,,,,,,,,,,,209,TP10,,1 4 6 7 9 10 11 13 14 16 17 18 19 20,,,,
,,,,,,,,,,,,,,,,,,,,,,,,,,,,210,\,,1 2 3 4 5 7 8 10 11 12 15 17 18 19,,,,
,,,,,,,,,,,,,,,,,,,,,,,,,,,,211,,1 8 18 28,1 2 4 5 8 10 12 13 14 15 17 19 20,,,,
,,,,,,,,,,,,,,,,,,,,,,,,,,,,212,T7 T8 TP10,,4 5 6 7 9 13 14 19 20,,,,
,,,,,,,,,,,,,,,,,,,,,,,,,,,,213,T7 TP9 TP8,3 4 5 6 9 12,1 2 3 6 10 11 13 18 20,,,,
,,,,,,,,,,,,,,,,,,,,,,,,,,,,214,T7 T8,,1 2 3 5 7 9 10 11 12 13 14 15 17 18 19 20,,,,
,,,,,,,,,,,,,,,,,,,,,,,,,,,,215,TP10,,1 2 3 4 10 14 15 19,,,,
,,,,,,,,,,,,,,,,,,,,,,,,,,,,216,\,,1 2 8 9 10 12 13 14 16 20,,,,
,,,,,,,,,,,,,,,,,,,,,,,,,,,,217,CP5 FT10 TP9 O1,,1 2 3 4 5 7 8 11 12 13 16 17 18,,,,
,,,,,,,,,,,,,,,,,,,,,,,,,,,,218,,4,1 2 4 5 6 7 8 9 11 13 16 19 20,,,,
,,,,,,,,,,,,,,,,,,,,,,,,,,,,219,T7 T8 ,1 3 4 5,2 5 8 9 10 11 14 15 16 18 20,,,,
,,,,,,,,,,,,,,,,,,,,,,,,,,,,220,\,,1 2 4 5 6 7 12 13 15 16 17 19 20,,,,
,,,,,,,,,,,,,,,,,,,,,,,,,,,,221,\,,1 2 3 4 5 6 7 9 10 11 12 13 14 16 17 18 19 20,,,,
,,,,,,,,,,,,,,,,,,,,,,,,,,,,222,T7 T8,3,1 2 6 7 13 15 16 17 18 20,,,,
,,,,,,,,,,,,,,,,,,,,,,,,,,,,223,T7 T8,21 22 23 24 28 29 30,1 3 4 7 9 10 12 13 14 15 16 19 20,,,,
